product,size,date,rating,title,text,nickname,helpful_yes,helpful_no,photos,fulfilled_by,seller,syndication_source,review_id
Original,34 lbs,2026-08-24,5,,best cat litter,Lora,0,0,0,Walmart,Walmart.com,,438092377
Original,34 lbs,2026-08-24,5,Catalyst Litter is the BEST!,"Previously wrote positive review for Catalyst litter which remains unchanged.  Positive fragrance, cat tolerance, huge weight difference, way less odor, totally love it. Pickiest male even approves (leaves far less calling cards).  Reason for second part review is I forgot to mention tracking dust.  Yeah, it tracks BUT can't complain at  all because it easily sweeps up AND BEST OF ALL- it doesn't hurt your feet or get stuck in your shoe like hard concrete litters do.",Shirley,0,0,0,Walmart,Walmart.com,,438065414
Original,34 lbs,2026-08-23,1,,I couldn't use it in my auto litter box. so I gave it to a friend. I didn't like it and neither did my cats .,Cheryl,0,0,0,Walmart,Walmart.com,,437979781
Original,34 lbs,2026-08-21,5,,Awesome Stuff!!!!!!,Pandra,0,0,0,Walmart,Walmart.com,,437720657
Original,15 lbs,2026-08-20,5,works great,works perfect for 3 cats.,Jonathan,0,0,0,Walmart,Walmart.com,,437606052
Original,34 lbs,2026-08-20,5,,"I will never use anything else . no dust, no odor, no regular cat litter all over the house.  I wish I knew about this years ago.",VICKIE,0,0,0,Walmart,Walmart.com,,437594115
Original,15 lbs,2026-08-20,5,You gotta try it!,"What a game changer this is compared to sticky, stinky, heavy clay litter. One bag lasted almost two months! Clumps cleanly, doesn't smell and saves money in the long run. I couldn't believe it. Get yours today. You won't be disappointed!",Cynthia,0,0,0,Walmart,Walmart.com,,437531456
Original,34 lbs,2026-08-20,5,,great litter,anonymous,0,0,0,Walmart,Walmart.com,,437508508
Original,34 lbs,2026-08-19,5,Best!!,"Best kitty litter I ever used. You can almost utilize every bit of it before you have to change it out, keeps odor down. I have 22 cats and I highly recommend this.",brenda,0,0,0,Walmart,Walmart.com,,437475553
Original,34 lbs,2026-08-19,5,,I like this product very much.,anonymous,0,0,0,Walmart,Walmart.com,,437442678
Original,15 lbs,2026-08-18,1,stinky and cats rejected it,"First off, when I opened th package I thought it would smell nice like pine, no it was rancid. Then, my cats rejected it and pooped on my floor, when I encouraged one to stand on it he flipped out, then because he had been holding his poop all night he used it but refused to cover it. When the automatic catbox scooped it covered it fine, but just the one poop sitting in the covered holding box stunk up the area way worse than when I use clay litter and it is full. Needless to say, we will not be using this.",anonymous,0,0,0,Walmart,Walmart.com,,437330209
Original,15 lbs,2026-08-17,5,,works great and keeps smell down,anonymous,0,0,0,Walmart,Walmart.com,,437162509
Original,34 lbs,2026-08-16,3,Dusty mess,it does keep the smell and dust down. it's so light that my cats would toss it outside of the litter box and have it all over them after using it. i don't think it clumps as well. especially with urine. Both my cats preferred the arm and hammer litter.,anonymous,0,0,0,Walmart,Walmart.com,,437105410
Unscented,34 lbs,2026-08-16,5,,"I love this litter! less odor, easy to scoop, way better then others I have tried",lrobinett,0,0,0,Walmart,Walmart.com,,437063222
Original,34 lbs,2026-08-16,5,,Good for a multi cat household,anonymous,0,0,0,Walmart,Walmart.com,,437105619
Original,15 lbs,2026-08-15,1,,didt get it,anonymous,0,0,0,Walmart,Walmart.com,,437014527
Original,15 lbs,2026-08-15,5,Cat likes it,Great when I mix it with Pretty Litter.  Otherwise smell is too strong.,Nell,0,0,0,Walmart,Walmart.com,,437002929
Original,15 lbs,2026-08-15,4,I recommend this,I like this item a lot there's no dust and it works good.,anonymous,0,0,0,Walmart,Walmart.com,,436997394
Original,15 lbs,2026-08-15,2,If you like sawdust all over your floor..,"Only had it for 24 hours so I don't know how well it will contain the smell, but the tracking of it is so terrible I don't even care if it hides the smell better than any other litter. It's ALL OVER my house. I have long haired cats and it's seriously everywhere. I have half a bag that's going straight to the garbage can.",Ashley,0,0,0,Walmart,Walmart.com,,436923695
Original,15 lbs,2026-08-14,5,My Tahla' brightest star!,"absolutely the best I have ever used, no smell, always fresh,no dust, one bag 1 kitty a good 3 mos. before another bag , absolutely Love",anonymous,0,0,0,Walmart,Walmart.com,,436905782
Original,15 lbs,2026-08-14,5,You should trust me on this....,"I won't say completely ignore the negative reviews but put a lot of trust in this one, I won't steer you wrong. By far the best litter I've ever used and I've tried a TON. Easy to clean, lasts an incredibly long time, virtually no scent (biggest WIN), it clumps perfectly and the tracking has minimized tremendously. Plus, I know that this is soft on my babies' paws and its good for the planet! I'll never use another litter unless Catalyst themselves come out with something better. SN: I've only purchased from here once to make sure I liked it but PURCHASE DIRECTLY FROM THE SITE. Support the brand directly. Walmart makes enough money.",Sajhana,0,0,0,Walmart,Walmart.com,,436867197
Original,15 lbs,2026-08-14,1,Do not recommend,Very strong odor and my cats track it all over.,Diana,0,0,0,Walmart,Walmart.com,,436804124
Original,34 lbs,2026-08-14,1,,"You get what you pay for. This does not control odor and it's not sift friendly so I don't see how this product ever lasts up to 4 mths. Good for absorbing the humidity in the house, but that's about it.",Moon,0,0,0,Walmart,Walmart.com,,436708310
Original,15 lbs,2026-08-13,4,,It is like sawdust without the dust.  I like it but still undecided about buying it again.  I need to see how Oreo my cat feels about it first.,Michelle,0,0,0,Walmart,Walmart.com,,436605233
Original,15 lbs,2026-08-12,5,,"Love it, clumps and smells great, natural scent",KB,0,0,0,Walmart,Walmart.com,,436442567
Original,15 lbs,2026-08-12,3,Try and See,"Overall I liked this litter, wish my cat did. It's very light and she didn't like to dig in it, and wouldn't bother trying to cover up poops. Clay litter always has a smell to me, no matter how clean. This doesn't have that smell but it has A smell, but it's not as unpleasant to me. Tracking was better as well, but what bits of this I did find were mushy and nasty. My cat tolerated it for a little bit but eventually started relieving herself elsewhere in the house which isn't a pleasant experience. So we switched back to clay, though I do prefer this. Some cats may not be as picky as mine, but I think it's worth trying. Good luck!",Ali,0,0,0,Walmart,Walmart.com,,436304691
Original,15 lbs,2026-08-12,1,Be mindful of this,"Please reconsider this cat litter if you have cats with any pre-existing problems, or at all. I noticed every time my girl came back from using the bathroom she had a white powdery dust all over her face. I noticed a few days ago her breathing becoming louder and then last night she had a sneezing fit that wouldn't stop through the night and by morning she was lethargic and did not look okay. I had to take her to the vet. I'm not saying this litter is the souls reason for pre existing breathing complications, but I do believe it was the CATALYST to why she is in the state she's in. Please be mindful of this litter. Would not recommend.",anonymous,0,0,0,Walmart,Walmart.com,,436284332
Original,15 lbs,2026-08-12,5,Greatest Cat Litter Ever,This is the most awesome cat litter I have ever used!      I absolutely love this stuff‼️‼️‼️,Diane,0,0,0,Walmart,Walmart.com,,436461812
Original,15 lbs,2026-08-11,5,,item is great..only problem is that you don't keep a good supply on the shelf,anonymous,0,0,0,Walmart,Walmart.com,,436273772
Original,15 lbs,2026-08-11,5,Best cat litter ever!,"This litter is easy to scoop, tracts very little, easy to vacuum up and so much better than gritty litters. My adult cat acclimated quickly and odor is less obvious.",Marcia,0,0,0,Walmart,Walmart.com,,436052594
Unscented,34 lbs,2026-08-10,5,,This is the best litter I've ever purchased. Controls odors very well and is extremely lightweight when scooped.,Mike,0,0,0,Walmart,Walmart.com,,435914998
Original,15 lbs,2026-08-10,2,not a favorite,my cat didnt like this and I felt it was messy to scoop,anonymous,0,0,0,Walmart,Walmart.com,,435901366
Unscented,34 lbs,2026-08-10,5,,"Love this natural cat litter, appreciate being able to buy at Walmart. My two cats are very happy with it, no smell and absorbs and clumps well.",sarahlee,0,0,0,Walmart,Walmart.com,,435990890
Original,15 lbs,2026-08-10,5,Catalyst Pet,I have been wanting to try this product and get away from clay litter for my kitten. This pricing is allowing me to get it on subscription. Mouse(my kitten) is getting used to it in her box.,Margaret,0,0,0,Walmart,Walmart.com,,435979436
Original,15 lbs,2026-08-10,5,,"good light weight litter, pleasant smell",anonymous,0,0,0,Walmart,Walmart.com,,436042070
Original,15 lbs,2026-08-10,5,Catalyst litter,"Anyone who has cats should use this product. I was a little skeptical at first but this litter is more economical than the other litter out there. They is no litter box smell, no dust. If you keep out clean the litter will last 30 days where I was buying the other brands every two weeks or more.",Pamela,0,0,0,Walmart,Walmart.com,,435994074
Unscented,15 lbs,2026-08-09,5,,"Low weight, low dust, low tracking, easy to scoop, no pee smell whatsoever, long-lasting, environmentally friendly. What more could you ask for? because it does not climb into cement, it is important to scoop daily.",anonymous,0,0,0,Walmart,Walmart.com,,435838741
Original,15 lbs,2026-08-09,5,,great product,Mary,0,0,0,Walmart,Walmart.com,,435857262
Original,15 lbs,2026-08-08,5,,"The best cat litter Ever!  No dust, no litter tracking, absorbs odors very quickly resulting in no smells",Joyce,0,0,0,Walmart,Walmart.com,,435720439
Original,15 lbs,2026-08-08,5,,Best litter I've ever used,Collin,0,0,0,Walmart,Walmart.com,,435756727
Original,15 lbs,2026-08-08,5,Controls odor,This litter smells nice. It seems easy on paws also. My cats prefer the crystal litter but I wish they used this one more. The natural smell of the litter really controls odor well too.,Cheryl,0,0,0,Walmart,Walmart.com,,435678720
Original,15 lbs,2026-08-08,5,,"best litter so far,",anonymous,0,0,0,Walmart,Walmart.com,,435731357
Original,34 lbs,2026-08-08,5,,This last me 2 full months (34%23) with 2 cats. The odor control is excellent. It doesn't track badly. It makes good clumps  that keeps the litter very clean. I don't smell it in my house at all.,Jeffery,0,0,0,Walmart,Walmart.com,,435753696
Original,15 lbs,2026-08-08,5,,"I have done a lot of testing to find the perfect litter. Finally! This is it, and ends my search!",Peggy,0,0,0,Walmart,Walmart.com,,435739219
Original,34 lbs,2026-08-07,1,,did not cover odor at all,mary,0,0,0,Walmart,Walmart.com,,435596292
Unscented,34 lbs,2026-08-07,5,,The BEST litter ever!,,0,0,0,Walmart,Walmart.com,,435497662
Original,15 lbs,2026-08-07,2,,Tracks everywhere,Travis,0,0,0,Walmart,Walmart.com,,435563832
Original,15 lbs,2026-08-06,1,waste,"all this is, is ver fine saw dust, stinks and has no order control I do not recommend",anonymous,0,0,0,Walmart,Walmart.com,,435431600
Original,15 lbs,2026-08-06,5,,WORKS AS THEY SAID AND LASTS A LONG TIME,Angela,0,0,0,Walmart,Walmart.com,,435471774
Unscented,34 lbs,2026-08-06,4,Good but not great.,I love how it helps with smell but it is still messy and high tracking like other cat litters. I would still recommend due to how much it helps with the odors.,Nicole,0,0,0,Walmart,Walmart.com,,435377044
Original,15 lbs,2026-08-06,5,,If you have a multiple cats this cat litter has worked great for me. It does clean up well and no nasty dust or smell,anonymous,0,0,0,Walmart,Walmart.com,,435436847
Unscented,15 lbs,2026-08-06,5,,Very Good cat litter !!,Cecelia,0,0,0,,Walmart.com,,435449549
Original,15 lbs,2026-08-05,5,Perfect litter!,"I tried this on a whim because of the dust of the other litter I had bought. I will never change now. I love, love, love this litter. It makes it so easy, smells good,  clumping in A . My cat doesn't track it every where. Few things surprise me when I try them on a whim but this lives up to its advertising. Whoever invented it was a genius. I hope the price doesn't go up.",JASON,0,0,0,Walmart,Walmart.com,,435228905
Original,15 lbs,2026-08-05,5,Knocks out Nasty Smells! Has a Fresh Woodsy Scent!,This is the ONLY Litter I am buying for my 2 cats. Finally found one that eliminates  Urine %26 Fecal Smells!! *****5Stars!!  :0)  :0),Kathleen,0,0,0,Walmart,Walmart.com,,435225197
Original,15 lbs,2026-08-05,5,,It works great,mrsk83,0,0,0,Walmart,Walmart.com,,435210088
Unscented,15 lbs,2026-08-05,5,,I have 3 cats and this litter is lasting a month for them. I may not put as much in as you would like but it works for us.,S,0,0,0,Walmart,Walmart.com,,435288007
Original,15 lbs,2026-08-05,5,,Love 💕 it,Pamela,0,0,0,Walmart,Walmart.com,,435276747
Original,15 lbs,2026-08-04,5,,works well,anonymous,0,0,0,Walmart,Walmart.com,,435146971
Original,34 lbs,2026-08-04,5,AMAZING,"Wow!!!!! Of course, I was a little bit skeptical thinking that when cleaning the litter I would be able to smell their poop or urine. But, to my big surprise both my daughter and I were amazed how you cannot smell anything else but the wood chips. Also even with this high here in CA you cannot smell anything. That wasn't the case with the clay clumping litter; the smell was the worst during the heat! Yuck. I am so happy, I decided to buy this product. I am forever a customer. Never going back to clay or crystal litter. Wood Chips are definitely better for the environment and work their magic. Thank you Catalyst.",Edna,0,0,0,Walmart,Walmart.com,,435117828
Original,15 lbs,2026-08-04,3,,Doesn't sift well. Lasts a long time. Stops orders. Is enough for one cat for one month. Still lots of tracking which is why I tried it..,KatD,0,0,0,Walmart,Walmart.com,,435107662
Original,34 lbs,2026-08-03,5,The best,This stuff is absolutely amazing. Smells good clumps urine perfectly to be thrown away.  I'm so impressed doesn't have any of that when you put it in I think I've got that green one. That's the one maybe,Nic,0,0,0,Walmart,Walmart.com,,434985571
Original,15 lbs,2026-08-03,5,,So light weight easy to carry and easy to scoop. Keeps smell down,anonymous,0,0,0,Walmart,Walmart.com,,434962279
Original,34 lbs,2026-08-03,5,Beats silica litter by a mile as far as dust,"I don't think it lasted 4 months, but there is no dust. You'll want to get a good litter catcher though as my cat was tracking this all over. I ended up finding one that was like a step where the litter would drop through as she jumped out. It worked perfectly. This litter is a little different. You'll want a sifter with bigger openings and I find it best to sort of dig the ""clean"" litter towards me to expose the parts to scoop up so there isn't as much to sift. Again, no dust.",Thomas,0,0,0,Walmart,Walmart.com,,435013304
Original,15 lbs,2026-08-03,5,,This is the best cat litter I've ever used!  The smell has disappeared.  You'd never know there's 3 cats in the house. Best decision ever!,Nell,0,0,0,Walmart,Walmart.com,,435033157
Original,15 lbs,2026-08-02,5,,now for this litter wow i thought nobody really understood the smell of a cat until i tryed catalyst cat litter oh wow just try it if u haven't already tryed it,,0,0,0,Walmart,Walmart.com,,434810136
Original,34 lbs,2026-08-02,5,cat litter no smell,"sceptical at first,  very light clumps very good, little wood shavings/dust.  Best of all, no smell.",anonymous,0,0,0,Walmart,Walmart.com,,434861294
Original,15 lbs,2026-08-02,5,,I had tried different litters,Sophia,0,0,0,Walmart,Walmart.com,,434913436
Original,15 lbs,2026-08-02,2,The smell is very barn-esque,"I suppose I should have expected it to smell horrible and like a barn, however, the “smell cover up for 4 weeks” is just overpowered by what smells like your house is now a stable. It's awful.",Kenna,0,0,0,Walmart,Walmart.com,,434901763
Original,15 lbs,2026-08-01,5,,"It does the job good and clumps good when combined with unscented clay litter.  I bought an inexpensive coarse scoop to pick up those clumps.  The pine scent bothers my wife a bit, but it is pine after all.",Melissa,0,0,0,Walmart,Walmart.com,,434711109
Original,34 lbs,2026-08-01,5,Catalyst is my brand for cat litter!,"I'm new to Catalyst litter, and I like it very much so far.  It clumps nicely,  has a nice pine scent and my cats like it too!  I plan to keep using it!  Plus it lasts longer!  I have 3 cats and have used just half the bag so far - I started it early July!",CustomerLiz,0,0,0,Walmart,Walmart.com,,434721253
Unscented,15 lbs,2026-08-01,5,Great product.,Great product. Lasts a long time because you only scoop the clump.,Mayda,0,0,0,Walmart,Walmart.com,,434736174
Original,34 lbs,2026-07-31,5,,It's much lighter in weight than clay litters and the pine scent is pleasant. I have 3 boxes in my basement and you can't tell from the smell. The clumping variety does clump well. I highly recommend the scooper catalyst sells for it.,Jeanne,0,0,0,Walmart,Walmart.com,,434567112
Original,15 lbs,2026-07-31,1,Very disappointed,"I used this product for several days. It was the worst cat litter I have ever gotten room that has my cat items in. It was overwhelmed with dust. Dust on everything on my furniture, and I went to scoop it dust everywhere. It's hard to breathe in the room I packed it all up and threw it in the trash. I thought this would be a great alternative to play later, but I have found something else that does work Arm and Hammer Naturals. Virtually dust, free pleasant smelling AC reclaim absorbs well can't like it. They certainly did not like the other dusty letter. It's gonna take me a couple of days to get all the dust off of everything in that room.",donnadonnaKaya,0,0,0,Walmart,Walmart.com,,434576093
Original,15 lbs,2026-07-30,3,Dust irrigation,"It irritated my cats eyes, they didn't care for it much, they are jerks though lol",Donna,0,0,0,Walmart,Walmart.com,,434486070
Unscented,15 lbs,2026-07-30,5,,This stuff is amazing! All smell is GONE!!,DisappointedinArizona,0,0,0,Walmart,Walmart.com,,434444254
Original,34 lbs,2026-07-30,3,holes in bags,love this product but was disappointed when both bags arrived with holes in them.,anonymous,0,0,0,Walmart,Walmart.com,,434491559
Original,15 lbs,2026-07-30,5,Best cat litter I've ever tried,"I love this cat litter, it is so light, and absorbs the smell so quickly. it is easily tracked on my cats paws, like most cat litter, so I keep a mat in front of the litter box.",Susan,0,0,0,Walmart,Walmart.com,,434483344
Original,15 lbs,2026-07-30,5,,"i have found with 3 cats and 3 enclosed litter boxes that this litter is better, way less odor and easy to scoop. less messes as well.",anonymous,0,0,0,Walmart,Walmart.com,,434464145
Original,34 lbs,2026-07-30,5,,"I tried quite a few litters,but really like this one.Works great controlling odor and plan to use from now on, cleanup was easy",Joyous,0,0,0,Walmart,Walmart.com,,434404945
Original,15 lbs,2026-07-30,5,,"Good consistency.  Furr babies love it so far. Very light wish is a definite plus.  Clumping is good with no loose pieces for liquids. Scent is light.  Odor control length depends on how soon you scoop. At least twice a day for one cat,  three or more for multi cat using same box, is my recommendation, First thing in the morning and twelve hours later seems to do the trick for mine using separate boxes. Price is amazing if it lasts as long as it claims but it's still amazing if it can last as long as the leading brand which for us is about two weeks before needing a refill and three for a complete replacement.",RGVShopper,0,0,0,Walmart,Walmart.com,,434443078
Original,15 lbs,2026-07-30,4,Great buy but not for all cats,"I would recommend this litter for decrease urine odor, less tracking and dust, dealing with clean up was so much easier.  With that being said, my cats did not care for it. They diverted from the box and cried unless it was always perfectly cleaned.  This was a first for us. They are hyper sensitive to smells so this could be another factor.  Unscented is our best option but I liked it. Side note, my cats are 100% indoor. This was something completely new to them",Danielle,0,0,0,Walmart,Walmart.com,,434454010
Original,15 lbs,2026-07-30,5,Make the change!,"Excellent odor absorption, clumping, easy to scoop! Seriously, litter boxes are  odor free now!",anonymous,0,0,0,Walmart,Walmart.com,,434449930
Unscented,15 lbs,2026-07-30,5,Cat litter,"I love that it is all natural for my Briar, it's lighter weight and did I say all natural!! It has got me completely sold, it clumps tighter than tidy cats or any clay litter I've ever used!!!!",wildeyes,0,0,0,Walmart,Walmart.com,,434518614
Original,15 lbs,2026-07-29,1,"not the greatest, very disappointed","this literally gets all over your house and it gets slimy, it got into my cats paws badly caked, i'm very unhappy with this product i will never purchase again",anonymous,0,0,0,Walmart,Walmart.com,,434348055
Unscented,15 lbs,2026-07-28,4,Dianeilu,I think it's great but I do have to add a cat attract for my picky cat to use it.,Dianeilu,0,0,0,,,,434281538
Original,15 lbs,2026-07-28,5,,Love everything about this litter,Rachel,0,0,0,Walmart,Walmart.com,,434178370
Unscented,34 lbs,2026-07-28,1,,Bag arrived in a box with three torn spots and tape on it,JOAN,0,0,0,,,,434245180
Unscented,34 lbs,2026-07-27,5,,"feels odd to pay for sawdust, but I can't argue with the effectiveness of THIS particular sawdust style product.",ZACHARY,0,0,0,Walmart,Walmart.com,,434082811
Original,15 lbs,2026-07-27,5,CATALYST is great!,"Days of using heavy, odorish, fuming dust, clay litter, are history.  CATALYST litter has a new %26 very happy customer.  Being older %26 handicapped doesn't help, BUT kitties need clean boxes and ours has never been so clean. The smell reminds me days of wood stoves burning or taking a walk through a saw mill.  Lovely fragrance.  Clean up actually pleasant, sift %26 add as needed.  The fact that is light weight is a dream compared to clay.  The kicker with two kitties, there are two behaviors, In a nutshell, 1 cat is extremely picky about his litter box %26 if it isn't up to his standards he will leave unpleasant surprises.  In past with clay base litter, complete changes were needed usually every few days.  BUT with Catalyst we just finished up out first bag after 20 days.  HUGE difference all around.  Kitties has no adjustment in different litter, believing they prefer it as cats like to be clean. Would definitely recommend this.",Shirley,0,0,0,Walmart,Walmart.com,,434076251
Original,34 lbs,2026-07-27,1,,It was delivered in a secondary plastic bag and both bags were torn and it was all over my front porch.,Deb,0,0,0,Walmart,Walmart.com,,434080053
Original,15 lbs,2026-07-27,2,,not at all like the shaved walnut shell i hoped for. this doesn't control odor,anonymous,0,0,0,Walmart,Walmart.com,,434119039
Original,15 lbs,2026-07-27,2,Not a game changer,"This product is OK for urine clumping, not much tracking not much dusting, but it absolutely does not cover up poop smell, covers the urine smell, but it definitely does not cover poop smell. Wish I could just get a product that covers all bases without having to give up one of the other.  I have multiple cats thought this would be a game changer. The urine clumps are very messy and they fall apart as you're scooping plus it sticks to the bottom of the pan not a good product.",shelley,0,0,0,Walmart,Walmart.com,,434140980
Unscented,34 lbs,2026-07-26,5,,"Outstanding, amazing stuff. We keep buying, worth the price.",mark,0,0,0,Walmart,Walmart.com,,433971412
Original,15 lbs,2026-07-26,4,,"I am actually still on the fence… there is an odor that my usual brand, Cedarific , does not have, but this brand does not track as badly…it does clump well but I don't think the bag will last 2 months as advertised…and if it doesn't this is more costly than my regular brand… I would use again in a pinch!",Lisa,0,0,0,Walmart,Walmart.com,,433991457
Original,15 lbs,2026-07-26,5,Much preferred over standard clay liters.,"I have a houseful of cats, each with their own liter box preferences.  I personally love pine pellets for a multi-cat household because there is 0 urine smell and none of the chemical odors from  traditional liters, but some of my cats dont like pellets, so i always have to keep a box or two of 'normal' liter.  Then i found this product.  Soft 'normal' liter with that lovely odor-absorbing wood smell that i love with the pellets.  It clumps great, smells great.  There is a bit of dust, but you're going to have that with any fine liter and personally i'd rather have sawdust than clay dust.",Holly,0,0,0,Walmart,Walmart.com,,434016386
Original,34 lbs,2026-07-26,2,This litter was not for me,"I have four cats two of them did not mind it two of them absolutely hated it and started peeing on everything else, but in the litter box. I could not figure out what was going on, but when I stopped using it, they were fine. It also has a smell that I did not like.",Kristy,0,0,0,Walmart,Walmart.com,,433973317
Unscented,15 lbs,2026-07-25,3,,"Pros: it is super soft on kitties paws, contols urine odor nicely. Long lasting ..
Cons: it smelled very pungent not a suble scent. Super fine dust that tracks and becomes super slippery when wet (as I was mopping)",Kristin,0,0,0,Walmart,Walmart.com,,433885039
Original,34 lbs,2026-07-25,5,,Best cat litter ever. It has no clay dust or fake fragrance smell. My cats love it and so do i!!,Jasen,0,0,0,Walmart,Walmart.com,,433821557
Original,15 lbs,2026-07-25,2,Very dusty,"I prefer natural litter for my cats to use and this is definitely all natural. I didn't realize there was a non-scented version of this however, I don't mind the pine/sawdust scent of this one. The clumping is decent. There's also a lot that comes in the bag. What I don't like is that it doesn't control the feces smell very well. When you empty the litter box, dust flies everywhere. My kitten will do her business and leave paw prints on anything dark afterwards. It tracks horribly even if you have a litter mat under the box. I wouldn't use this indoors and definitely won't be purchasing it again.",Aj,0,0,0,Walmart,Walmart.com,,433820421
Original,15 lbs,2026-07-25,5,,"This is the cat litter I have been looking for. It's lightweight, dust free, clumping and has the best order reduction. My house no longer smells like wet clay litter. I have tried many different brands and this one beats them all hands down. It's even reasonably priced for now.",Clee,0,0,0,Walmart,Walmart.com,,433804588
Original,15 lbs,2026-07-24,5,,Great product.,anonymous,0,0,0,Walmart,Walmart.com,,433666434
Original,34 lbs,2026-07-24,4,Cat litter,The litter boxes don't smell compared to when I was using the clay litter!  I gave a 4 out of 5 because the cats still track it around the house! It does big clumps with the urine but it contains the smell.,Laura,0,0,0,Walmart,Walmart.com,,433747099
Original,15 lbs,2026-07-24,5,Worth the switch!,"My kitties took to this without skipping a beat. I'd been searching for an alternative to clay litter for a long time. I had tried wood pellets in the past, but the lack of clumping made it difficult to clean. This litter gives you the best of both worlds. Just as easy to clean as traditional clay litter, half the weight, a fraction of the cost, and the litter area doesn't smell nearly as disgusting as it used to. 

My partner's cats didn't seem to like this litter nearly as much, and they did make their protest known, so I can't say every cat will immediately take to it, however my two carried on as usual, and have had no issues.",Alyssa,0,0,0,Walmart,Walmart.com,,433778847
Original,15 lbs,2026-07-24,5,,Very pleased with this litter I will not buy any other kind after trying this,Jennifer,0,0,0,Walmart,Walmart.com,,433760157
Unscented,34 lbs,2026-07-23,5,,Much better than traditional litter. Way less dust and no obnoxious smells so long as cat box is cleaned daily.,anonymous,0,0,0,Walmart,Walmart.com,,433536650
Unscented,34 lbs,2026-07-23,5,LOVE Catalyst Pet litter,"I really like this product! There is no litter from my experience that doesn't give off any dust. I like that this is made from wood which is natural and it's super light weight. 

The 30 lb bag is definitely worth the money and lasts a long time (so far 2-3 months) and we have 4 cats. I store my litter in an old litter box as it's easier to maintain plus offers quick access and store the rest away. 

Please keep this product the same in quality and price and you will have a forever customer with me. 🫶🏻",Chloe,0,0,0,Walmart,Walmart.com,,433623518
Unscented,15 lbs,2026-07-23,1,,Order did not arrive.,anonymous,0,0,0,Walmart,Walmart.com,,433640487
Original,15 lbs,2026-07-23,5,The best ever!,This is the only brand I will buy from now on!,Delray210,0,0,0,Walmart,Walmart.com,,433546539
Original,15 lbs,2026-07-23,5,I think I like this cat litter,"So far I really like this cat litter. I feel like I haven't thrown as much away like I do with regular litter. My kittens aren't too sure about it. But the older ones have no problem using it. It's basically sawdust. And very, very low tracking out of the litter box.",anonymous,0,0,0,Walmart,Walmart.com,,433631513
Unscented,15 lbs,2026-07-22,5,Good value,"I like that this litter is safe for my cats and a good price. My one cat doesn't like it so much, but my other two do.",,0,0,0,Walmart,Walmart.com,,433429436
Original,34 lbs,2026-07-22,1,,this is the worst cat litter that i have ever bought. Will never buy again,anonymous,0,0,0,Walmart,Walmart.com,,433439469
Original,15 lbs,2026-07-22,5,,"This is the best cat litter I've ever used! it clumps well and smells like saw wood. it's a fresh smell and better than perfumed clay litter. Catalyst is lightweight so 15 pounds lasts a long time.
make sure you wait for the clumps to form and hold together. if you scoop immediately they'll fall apart.",anonymous,0,0,0,Walmart,Walmart.com,,433492462
Original,34 lbs,2026-07-22,5,,"We really enjoy the natural cat litter! So much less mess, smells good, and takes a lot less to do the job. Our Prince is very happy with it too.",Karen,0,0,0,Walmart,Walmart.com,,433466334
Original,15 lbs,2026-07-22,5,,"Perfect for my two cats! It only really “tracks” if you forget to clean out and replace the litter fully every few weeks. I'm guilty of this but even as it started to track a bit, it wasn't horrible clean up and still neutralized the smell almost as good as fresh out the bag",anonymous,0,0,0,Walmart,Walmart.com,,433460685
Original,34 lbs,2026-07-22,1,,"smells strange,makes a big mess",withers6,0,0,0,Walmart,Walmart.com,,433446217
Original,15 lbs,2026-07-20,5,best cat litter yet,so far best one yet. no stinky cat smell. no dust when cleaning cat litter. no nasty smell of cat pee plus whatever smelly dust they got in there cat litter. and its cheaper in the end run.,Stephanie,0,0,0,Walmart,Walmart.com,,433192876
Original,15 lbs,2026-07-20,5,,we have 9 cats and no litter box smells. Best litter we've found,Sherry,0,0,0,Walmart,Walmart.com,,433130184
Original,15 lbs,2026-07-20,2,Traded one problem for another,"I really wanted to like this product but I traded one problem for another. I chose to try this as my cats were coughing from clay litter. Dust was abound in their litter box area. Yes this is low dust but I traded dust for tracked litter. Owning 2 black cats, I could see exactly where they walked after leaving the litter box AND the litter was visible on their paws. Dust/remnants were visible on their lower legs.   I will not be buying again.",valerie,0,0,0,Walmart,Walmart.com,,433159177
Original,15 lbs,2026-07-20,5,,If I was a cat. you know what? i think I'd use this stuff.,randy,0,0,0,Walmart,Walmart.com,,433175358
Original,15 lbs,2026-07-19,5,,very few words needed.Best cat litter Ever!!,dorothia,0,0,0,Walmart,Walmart.com,,433057147
Original,34 lbs,2026-07-18,5,,I personally can't believe I waited so long to switch to Catalyst cat litter.  there is virtually barely any smell from the litter box. No crunching under my feet on the tile floors in my house. catalyst is very very lightweight bag to carry and it is very easy to clean the litter box because of its lightweight. never again why use the other cat litters. catalyst is by far superior to them all.,,0,0,0,Walmart,Walmart.com,,432943249
Original,15 lbs,2026-07-18,1,Not a Fan,Worst cat litter I've ever bought.  Smells funny ( because it's wood). Doesn't really clump.  Used part of the bag %26 threw the rest out. Back to Scoop Away.,anonymous,0,0,0,Walmart,Walmart.com,,432971933
Original,34 lbs,2026-07-17,5,,Works well but may need a larger slatted scoop for speed.,anonymous,0,0,0,Walmart,Walmart.com,,432778308
Unscented,15 lbs,2026-07-16,3,,CAT LIKED IT.  I DIDN'T LIKE THE SMELL AND IT SEEMED TO STICK ON THE CATS PAWS.,Monica,0,0,0,Walmart,Walmart.com,,432631158
Unscented,34 lbs,2026-07-16,5,,i like this better than the clay ! it is lighter and cheaper and i could throw it the back yard if i needed to. lol. it holds the smell pretty good too! i have been using it since last year and i would never change!,anonymous,0,0,0,Walmart,Walmart.com,,432626218
Original,15 lbs,2026-07-16,4,I'm still deciding,"I just ordered my second bag of the pine litter but I'm still deciding if I like it.  When we first changed over, they recommended opening tge bag and leaving it next to the litter box so the cat can get used to it. I like the wood smell but husband thought it was overwhelming.  (Litter box is in a laundry room and is closed up at night, so the smell builds up.) We finally figured out to close the bag and smell subsidied. The litter is dusty, just a different kind of dust. And it does track, but the bits are soft underfoot. It has done a great job keeping odor down for almost 2 months. And it is much lighter weight than clay. I was spending $30  per month (Arm %26 Hammer Ultra Last) and this is only about $10/month.",anonymous,0,0,0,Walmart,Walmart.com,,432720527
Original,15 lbs,2026-07-16,3,,It went through the litter robot really fast. That met be operators fail. I have to look into it,Rebecca,0,0,0,Walmart,Walmart.com,,432734698
Original,15 lbs,2026-07-16,1,,"Totally not happy with this litter at all. Didn't clump, my cats really disapproved it to one of my cats pooped outside the litter box",Elena,0,0,0,Walmart,Walmart.com,,432705763
Original,34 lbs,2026-07-16,5,,way better then clay!,Jagnut,0,0,0,Walmart,Walmart.com,,432670242
Original,15 lbs,2026-07-16,5,,LOVE IT!!!  LIGHT ENOUGH I CAN HANDLE IT.  AND IT DOES SMELL GOOD.,Katherine,0,0,0,Walmart,Walmart.com,,432666847
Original,15 lbs,2026-07-15,5,Gotta try this one!,Best cat litter ever! Really good for odor control. Lightweight and easy to scoop. Cat loves it. Only issue was with the delivery -- medium sized hole in side of bag and litter dust puffing everywhere. Otherwise great product.,Elizabeth,0,0,0,Walmart,Walmart.com,,432542931
Original,15 lbs,2026-07-15,5,,"Love this cat litter. It's light, clumps well ❤️‍🩹 and no odor.",anonymous,0,0,0,Walmart,Walmart.com,,432485765
Original,15 lbs,2026-07-14,4,,could clump better,anonymous,0,0,0,Walmart,Walmart.com,,432416055
Original,15 lbs,2026-07-14,5,,"This litter was purchased for a feral mom's baby boy who didn't take to the standard clay litter seeming to dislike the feel on it's new little pink sensitive foot pads. This is a unique litter, soft %26 seemingly easier on this little six week old kitten.  He took to it %26 now uses the litter box. Very pleased with the product quality, availability %26 seems to last longer than the clay.",anonymous,0,0,0,Walmart,Walmart.com,,432470869
Original,34 lbs,2026-07-14,5,,"this litter is PHENOMENAL!!! I have had cats for 30 years, and this litter is an absolute game changer! its light weight, it is great odor control and my cats adapted to it quickly and easily. Scooping is so so easy with this stuff, it clumps really really well so its easy to get everything out of the box. absolutely LOVE it!! And NO this is not a paid review",Tygress,0,0,0,Walmart,Walmart.com,,432397817
Original,15 lbs,2026-07-13,3,My cat hated it,"Personally, I found the odor of the litter to be natural like sawdust or new construction, but my cat did not like pooping in it. She started to poop on the stairs all of a sudden after 15 years, she peed in it so we switched it back and she stopped pooping on the stairs and that's all I can say about it. The same may not happen for your cat otherwise it's not a bad litter from a human's standpoint personally, I found the odor of the litter to be natural like sawdust or new construction, but my cat did not like pooping in it. She started to poop on the stairs all of a sudden after 15 years, she peed in it so we switched it back and she stopped pooping on the stairs and that's all I can say about it. The same may not happen for your cat otherwise it's not a bad litter from a humans standpoint lol",Karin,0,0,0,Walmart,Walmart.com,,432291776
Original,15 lbs,2026-07-12,5,,Great! No dust!,Katelyn,0,0,0,Walmart,Walmart.com,,432123430
Original,15 lbs,2026-07-12,5,Great value for the money,Love the clumping action. Keeps the Oder down.  Only downside is it does seem to track outside the box more than I'd expect.,,0,0,0,Walmart,Walmart.com,,432097850
Original,15 lbs,2026-07-12,5,,Very Amazing i m satisfied use it🥰😍,FATIMA,0,0,0,Walmart,Walmart.com,,432166842
Original,15 lbs,2026-07-12,5,Best Cat Litter,"Luv it, no dust, clumps, no order, will buy again,Fast Delivery!!",Janice,0,0,0,Walmart,Walmart.com,,432191475
Unscented,34 lbs,2026-07-12,5,,Preferred over the scented version,Dale,0,0,0,Walmart,Walmart.com,,432133478
Unscented,15 lbs,2026-07-12,4,Great cat litter,My cat has asthma so it appears thus far has little to no dust. The only disappointment is you can smell the 💩. I have the unscented one due to her asthma so that might be the issue. Urine clusters very well and I love that. Very little tracking.,Karen,0,0,0,Walmart,Walmart.com,,432129153
Unscented,15 lbs,2026-07-11,4,Tender Paws,"Decades a petsitter. Searching for soft litter for a feline with inflamed pads (pillow paw). Course to the touch, I sprayed with water - huge mistake! There's a powder glue that made it crust over (for clumping). After scraping off the crust, she used it. As long as waste is covered, there's no smell (even to my hyper sensitive nose). But I've always scooped boxes daily, 2x a day. What I've found is no litter box is large enough to go an entire day without scooping - even for 6 lbs cats. Worst part about this litter: the urine seeps to the bottom immediately - impossible to detect without scooping entire box… which in my case it had glued to the box… so maybe some kind of liner is needed. Ordered another that claims to be the softest, and more boxes to see which she prefers. For now, gone back to pre-moisten pellets, tho, there's plenty of this brand left, it'll wait until the extra boxes arrive. Always purchase unsented, your pets have far more sensitive noses than you.",Rancy,0,0,0,Walmart,Walmart.com,,432040057
Original,34 lbs,2026-07-11,1,,smell bad when cats go to the bathroom,oscar,0,0,0,Walmart,Walmart.com,,432050072
Original,15 lbs,2026-07-11,5,Best litter ever,This is the greatest litter I have used since I got my cat.   Everytime  my cat used the litter I could smell it.  Someone recommended this to me %26 I was optimistic.  I never smell any odor since using this!  I have recommended it to family %26 say best litter ever.  You won't b disappointed,Carol,0,0,0,Walmart,Walmart.com,,432042681
Original,15 lbs,2026-07-09,3,,its ok the main problem being it spreads everywhere and its hard to get off rugs. another issue is u need a scoop that has bigger space between the holes or bars bc it doesnt go thru easily and i ending up having to put gloves on and run the litter thru my fingers. icky.,anonymous,0,0,0,Walmart,Walmart.com,,431800403
Original,15 lbs,2026-07-09,5,,Very good.  Sifts well. They could enhance  the scent  a bit.  I  will be using it . The price is unbeatable. last forever.,anonymous,0,0,0,Walmart,Walmart.com,,431711937
Original,15 lbs,2026-07-09,5,,"this is the best litter I've found. no odor, easy to scoop.",anonymous,0,0,0,Walmart,Walmart.com,,431730240
Original,15 lbs,2026-07-08,5,,Love that there is no smell!,Laura,0,0,0,Walmart,Walmart.com,,431635099
Original,15 lbs,2026-07-08,5,Best price for your money ignore the dust,"Very fine granules on catalyst, but does clump cats love it. Yes there is some dust but it kills the urine smell and does clump well that you are able to use this on a mechanical cat litter box.        

I use in both stainless steel boxes and automatic self cleaning boxes.",CECE88,0,0,0,Walmart,Walmart.com,,431630009
Original,15 lbs,2026-07-08,5,,much better than I thought it would be we now have a new cat litter,Sherry,0,0,0,Walmart,Walmart.com,,431596564
Original,34 lbs,2026-07-08,5,,"I have use so many cat litters
Which they never worked out this is the best cat litter ever",Frances,0,0,0,Walmart,Walmart.com,,431628818
Original,15 lbs,2026-07-08,5,,Finally got my 16 year old cat to use the litter box again.,Jacob,0,0,0,Walmart,Walmart.com,,431597310
Original,34 lbs,2026-07-08,5,,Love this stuff!!!,Rachel,0,0,0,Walmart,Walmart.com,,431565785
Unscented,15 lbs,2026-07-07,1,So much dust,"I can't recommend this litter. It is extremely dusty. Every time my black cat comes out of the litter box he's an entirely different color because he's covered in the dust from it. I have to wipe his face and paws every time because flakes will stay caked on him, even though he's totally dry and not usually messy in the litter box. The smell is also very strong, which some may not mind but I try to have scentless where possible. Anytime I added more of this litter I would be sneezing for an hour after. It's very light, but that also makes it very hard to sift through when scooping. It doesn't want to fall through the scoop unless you shake a lot. I still have half the bag left and will be throwing it away as soon as the other litter I ordered get here.",rachel,0,0,0,Walmart,Walmart.com,,431445551
Original,34 lbs,2026-07-07,5,,I love everything about it,Denise,0,0,0,Walmart,Walmart.com,,431438089
Original,15 lbs,2026-07-07,5,Best purchase ever!!!!!,absolutely love this cat litter!!! It smells so so good and is super easy to clean and keep clean. will definitely order again. and my cats didn't mind it at all.,anonymous,0,0,0,Walmart,Walmart.com,,431430245
Original,34 lbs,2026-07-06,5,,3 cats are fine with it but 1 is protesting. I suggest adding a little at a time. it definitely smells better longer and is easier to work with  than any other litters we've tried.,carol,0,0,0,Walmart,Walmart.com,,431333662
Original,15 lbs,2026-07-06,4,Befriend a Woodsman,The odor is stifled. Quick clumping.,anonymous,0,0,0,Walmart,Walmart.com,,431332502
Original,15 lbs,2026-07-06,3,"Okay, but not as advertised.","Not the worst litter ever, but it certainly did not clump AT ALL. Any clump instantly disintegrated completely and was unable to be scooped. For that I will not repurchase. It did well with odor control and was affordable, but dust and tracking were also terrible. Too many cons to outweigh the pros.",Talon,0,0,0,Walmart,Walmart.com,,431310258
Original,15 lbs,2026-07-05,5,,best litter ever.   must try. life changing,IronCharger,0,0,0,Walmart,Walmart.com,,431211864
Original,34 lbs,2026-07-05,5,,"This litter makes cleaning the box super easy to clean.i have multiple cats,have not found the multi one yet but it's still does the job.",Robert,0,0,0,Walmart,Walmart.com,,431179815
Original,15 lbs,2026-07-05,4,No more clay litter!!!,"Started using new Catalyst litter, it clumps TOO well (thank goodness) so I needed a new litter scooper with bigger holes to shake the loose litter off the clumps. The clay litter is “NO LONGER NEEDED IN THIS HOUSE!” No more AMMONIA smells!",nancy,0,0,0,Walmart,Walmart.com,,431152927
Original,15 lbs,2026-07-05,5,,I researched long and hard when trying to find a litter for my cat Luna. I finally decided on this one and I am very well pleased. It is cleaner. Smells fresh when it is poured from the bag. And my cat loves it. Who wouldn't. I'm sure it must feel better on the paws than clay litter. Also it is easier on the clean up. Great job Catalyst!!,,0,0,0,Walmart,Walmart.com,,431147695
Original,15 lbs,2026-07-04,1,Bad quality,"Bad odor control, bad clumping,",Ana,0,0,0,Walmart,Walmart.com,,431108045
Original,34 lbs,2026-07-04,5,,seven cats...no odor lasts longer than others,Sherry,0,0,0,Walmart,Walmart.com,,431009486
Original,34 lbs,2026-07-04,5,,Works great!,Worksgreat,0,0,0,Walmart,Walmart.com,,431036293
Original,15 lbs,2026-07-04,5,Great litter,Great product!!!,Beth,0,0,0,Walmart,Walmart.com,,431124503
Unscented,34 lbs,2026-07-03,2,,Very different. 4 cats %26 they aren't sure after a week.,Luanna,0,0,0,Walmart,Walmart.com,,430867901
Original,15 lbs,2026-07-03,5,,This works better than cat litter. It takes away the smell and lasts 3 tomes longer than my cat litter did. Its also cheaper. I will use this only from now on.,Brandy,0,0,0,Walmart,Walmart.com,,430974638
Unscented,15 lbs,2026-07-03,4,Why I gave 4 instead of 5,I dislike that the clump did not make solid clump. Fell apart made it harder to pick up. Low Dust to Dust Free. Litterbox odor was nonexistent.,Debbie,0,0,0,Walmart,Walmart.com,,430983772
Unscented,15 lbs,2026-07-02,5,,"i recommend this litter to everyone with cats. The biggest thing for me is that the cats can use it and it does smell! They do track it out, but i think all litter has that issue.",Stacey,0,0,0,Walmart,Walmart.com,,430771124
Original,15 lbs,2026-07-02,2,stinks,It stinks and the particles appears on the floor around the box. I'm going back to pine pellets.,Wendy,0,0,0,Walmart,Walmart.com,,430807732
Original,15 lbs,2026-07-02,4,,"It was different, my cats used it but I had it all over my floor sticking to my cats. lol No odor though.",anonymous,0,0,0,Walmart,Walmart.com,,430781189
Original,15 lbs,2026-07-02,5,,"I've been using this cat litter for nearly a year and it's the best affordable I've ever had.  If box is cleaned once or sometimes twice a day there are only some softball sized balls to remove plus any feces there might be.  I haye a clean box with no waste and it lasts a long time.
There's a very slight wood aroma from the bag and it's the most environmental litter out there.  Also, it isn't costly, is made from the left back of the  manufacture of wood projects, there is nothing else in it and no scraping of heavy litter because it's contained in easily removable, light used litter.",anonymous,0,0,0,Walmart,Walmart.com,,430724131
Original,15 lbs,2026-07-01,5,Amazing,This stuff is amazing. I will never go back to clay litter.,Brian,0,0,0,Walmart,Walmart.com,,430618018
Original,15 lbs,2026-07-01,3,Trying to get used to it,It does last longer but it's too messy,anonymous,0,0,0,Walmart,Walmart.com,,430609135
Original,15 lbs,2026-07-01,5,,Absolutely love this cat litter over other cat litter.  I spend less than I ever have.,Adriana,0,0,0,Walmart,Walmart.com,,430602316
Unscented,15 lbs,2026-07-01,1,,it was not unscented. it tracked through the whole house and smelled awful. i will not be purchasing any more.,anonymous,0,0,0,Walmart,Walmart.com,,430590124
Unscented,34 lbs,2026-06-30,5,,Love it. It's the best litter I have ever used.,Kristin,0,0,0,Walmart,Walmart.com,,430494621
Original,15 lbs,2026-06-29,4,,"I like this and don't smell or anything she gave it a five star after I started looking I got two cats and I've already used half a cat for one month so I'm sure the other half will be for 2 months all together I'm switching I recommend this  , also it's not Dusty and easier to clean. No bad  smell  - my new pick.",anonymous,0,0,0,Walmart,Walmart.com,,430414722
Original,15 lbs,2026-06-29,5,,The best stuff ever,Bobothemonkey,0,0,0,Walmart,Walmart.com,,430429873
Original,34 lbs,2026-06-29,5,,Like this cat litter..it doesn't leave a ammonia smell and it even clumps good. And you actually don't even have to take it to the landfill. Since it's wood you can pour it out in the yard around your trees,Lynn,0,0,0,Walmart,Walmart.com,,430424801
Original,15 lbs,2026-06-29,5,,Works great and lasts forever!,,0,0,0,Walmart,Walmart.com,,430421056
Original,15 lbs,2026-06-28,5,,My cat and I are very happy with this flushable cat litter and it doesn't hurt or stop up the pipes as long as you keep the bacteria count up for the septic system so that you don't have any problems getting stopped up,Penny,0,0,0,Walmart,Walmart.com,,430305528
Original,34 lbs,2026-06-27,5,cat litter,best litter. smells good!,anonymous,0,0,0,Walmart,Walmart.com,,430208704
Original,15 lbs,2026-06-27,5,,"long lasting, good clumping.",James,0,0,0,Walmart,Walmart.com,,430159384
Original,34 lbs,2026-06-27,2,,My catalyst was messed up.It was torn,Tracy,0,0,0,Walmart,Walmart.com,,430156221
Original,34 lbs,2026-06-27,5,,"Smells nice, masks feces and urine odors well. Very absorbant. Sifts neatly. My new go-to litter. Better for cats, better for environment. Pricier outlay than some, but lasts a long time.",Merry,0,0,0,Walmart,Walmart.com,,430113044
Original,15 lbs,2026-06-26,1,,The clumping is terrible,anonymous,0,0,0,Walmart,Walmart.com,,429991850
Original,34 lbs,2026-06-26,5,,"I love the wood, cause it's natural and it covers the urine smell. I foster. This is so much easier to scoop too. All the cats seem to like it, so far they didn't complain.  I have 6 cat boxes around the house.",Linda,0,0,0,Walmart,Walmart.com,,429982450
Original,34 lbs,2026-06-25,5,"Catalyst litter , original",This is nice litter. Cuts down odor and lasts a good while. It has a nice clean smell. Tracks a lot. Hard to clean scooper.,pat,0,0,0,Walmart,Walmart.com,,429894964
Original,15 lbs,2026-06-25,5,,"It works well for my cat and myself in my apartment...better odor control,  less dust.  Because the sawdust has tiny particles, it is a little more tedious to scoop, but that is minor compared to less dust and more odor control.",anonymous,0,0,0,Walmart,Walmart.com,,429952446
Original,34 lbs,2026-06-25,2,My cats don't like it,"Tried adding boxes with this new litter but my cats won't use those boxes. Has a funny smell to it, not really like a fresh sawdust smell, just weird. Maybe that's why my cats don't like it?",anonymous,0,0,0,Walmart,Walmart.com,,429936945
Original,34 lbs,2026-06-25,5,Excellent litter!,"Excellent cat litter! Great value and clumping. It is great to use a sustainable product that performs well. No more clay for me, the smell is so much better!",Annamarie,0,0,0,Walmart,Walmart.com,,429915558
Original,15 lbs,2026-06-25,4,,i love the smell and consistency however my cat not so much so i sprinkle some of her old type and shes fine with it. Good product,anonymous,0,0,0,Walmart,Walmart.com,,429913534
Original,34 lbs,2026-06-24,5,,"great little, cats like it, smells good",anonymous,0,0,0,Walmart,Walmart.com,,429839818
Unscented,15 lbs,2026-06-24,1,,Doesn't work in automatic litter boxes. Gets all clumped up and clogs up the machine,Jessica,0,0,0,Walmart,Walmart.com,,429806549
Original,15 lbs,2026-06-24,5,Cedarwood cat litter,They leave little dusty paw tracks on my dark floors..but no smell except cedar. The other litters tracked too and didn't cover up the bad ammonia smell this covers up both that and poop,Lynn,0,0,0,Walmart,Walmart.com,,429807764
Original,34 lbs,2026-06-24,5,,Love this!!!,Julie,0,0,0,Walmart,Walmart.com,,429800166
Original,34 lbs,2026-06-23,5,best sand cat,great  sand great price,anonymous,0,0,0,Walmart,Walmart.com,,429698255
Original,15 lbs,2026-06-23,5,,Great litter,cheri,0,0,0,Walmart,Walmart.com,,429600289
Unscented,34 lbs,2026-06-23,5,light weight and long lasting,I like this. Its lightweight and not clay so since i live in the country I can dump it outside and not put it in my trash cans. Its so much cheaper than the lightweight clay litter.  It goes a long way to. To test it out i started it in 1 cat box. my cats took right to it no complaints.  But it last a long time as well.,Dana,0,0,0,Walmart,Walmart.com,,429626724
Unscented,15 lbs,2026-06-23,1,Worst litter I ever tried!!!!!,"This honestly one of the worst cat litters I have very tried.  My cats hate it and even pooped outside the litter box.  It becomes a mess, smells and does not clump well.",APickyConsumer,0,0,0,Walmart,Walmart.com,,429634114
Unscented,15 lbs,2026-06-23,5,,"by far the best litter, zero regrets in switching",Shannon,0,0,0,Walmart,Walmart.com,,429661216
Original,34 lbs,2026-06-22,5,Best thing ever,"First time trying this product
Like the soft pine/sawdust smell to it. It's not overpowering. wow, the amount of fresh step cat litter  I have to use with it's dust and fill about 1/2 of the the 4 gallon trash bags and that is for just 2 cat litters. I use 2 bags have 4 cat litters. with this I only use 1 bag for the waste and its not even half full for all of my 4 boxes its only 1/4 full. plus NO DUST!!! Good bye fresh step hello Catalyst. P.S. I am using this green bag have not tried the orange bag yet so far this works for my 8 cats.",anonymous,0,0,0,Walmart,Walmart.com,,429583156
Original,15 lbs,2026-06-21,5,,"I've used clay litter for years and it's messy. I saw this wood litter and gave it a try. I'm never going back to clay litter! This wood litter is light, smells wonderful like fresh cut pine, clumps very well so cleaning the cat box is made much easier with no mess and my cat loves it. Plus I only smell the pine when I clean the litter box. No urine or poop smell! I highly recommend this litter.",Laurie,0,0,0,Walmart,Walmart.com,,429359744
Original,34 lbs,2026-06-20,5,,Wish I had known about this litter years ago! Game changer.,krystal,0,0,0,Walmart,Walmart.com,,429335923
Original,15 lbs,2026-06-19,5,,Best product I have ever found!,QsSquaw,0,0,0,Walmart,Walmart.com,,429122183
Original,15 lbs,2026-06-19,3,,I'm a fan of!   The cat not so much. He hates change !!,CJ,0,0,0,Walmart,Walmart.com,,429124408
Original,15 lbs,2026-06-19,5,,10/10 you will never go back to regular litter after trying this,Brittany,0,0,0,Walmart,Walmart.com,,429154115
Original,34 lbs,2026-06-18,5,,BEST litter ever!,cheri,0,0,0,Walmart,Walmart.com,,429047113
Original,34 lbs,2026-06-18,5,,great keeps cat odor to a minimum.  I love it.,Shannon,0,0,0,Walmart,Walmart.com,,429108184
Original,15 lbs,2026-06-17,5,,"I like this because it's not heavy, the scent is pleasant and healthy for my cat and the environment. In my opinion, there is never going to be ""The perrrfect clumping  litter,"" but this is the closest I've come across. The price is excellent.",Lynda,0,0,0,Walmart,Walmart.com,,428896446
Unscented,34 lbs,2026-06-17,5,,"I have 4 cats and this is the absolute best cat litter I have ever purchased. I will never go back to the old clay litter. I was buying two 40 lb. boxes  every ten days. Catalyst seem  a little pricey, but it takes very little and the 34 lb. bag lasts a long time, even with my 4 cats.",A,0,0,0,Walmart,Walmart.com,,428882290
Original,34 lbs,2026-06-17,5,,"We love the difference it makes,heads up on dusty paws",Brandi,0,0,0,Walmart,Walmart.com,,428963551
Original,15 lbs,2026-06-17,5,very very very happy with this litter!,wow. Just wow. i am so happy with this litter! no more dumping and wasting half of the litter i paid for. no more ammonia smell! no more wasted money! buy this litter. you'll be glad you did.,Ashley,0,0,0,Walmart,Walmart.com,,428906093
Original,34 lbs,2026-06-17,5,,smells good,saintjames,0,0,0,Walmart,Walmart.com,,428905815
Original,34 lbs,2026-06-17,2,,smells like a barn,Samantha,0,0,0,Walmart,Walmart.com,,428963237
Original,34 lbs,2026-06-17,1,,The dang scoop is missing.  Not deliver d.  What's the problem?????,anonymous,0,0,0,Walmart,Walmart.com,,428932492
Original,34 lbs,2026-06-16,5,,This is some amazing cat litter! When cleaning very little “clean” litter is wasted making it economical! More than worth the price!,Kathleen,0,0,0,Walmart,Walmart.com,,428835925
Unscented,15 lbs,2026-06-16,1,NOT the world's best litter!,"This litter is awful! 
It doesn't clump well, it's hard to scoop, and it makes the room smell kind of like a paper mill (not a good smell). I scoop every day and I have never had a room with a litter box in it smell so bad! I'm going back to my old litter!! 😝",Cmiller415,0,0,0,Walmart,Walmart.com,,428844403
Original,15 lbs,2026-06-16,5,,The best litter I've ever used. No odor! Amazing litter.,Gina,0,0,0,Walmart,Walmart.com,,428789888
Original,34 lbs,2026-06-15,1,,I thought this would be better than clay littler but its so much worse. it gets tracked all over my house and its just as dusty as the clay litter.,Danielle,0,0,0,Walmart,Walmart.com,,428759985
Original,15 lbs,2026-06-15,1,,"Listen

The scent of Pinewood was absent And it was Rather disappointing. The biggest problem that I have with the product is the sawdust. It does tangle in the long hair cats and the sawdust got into his eyes. I tried to brush it out and wash it out, but within a week he had gone blind, now in both eyes. I've had no way to get him to a vet, but if I can find evidence that this was caused by this saw  dust.I think at the least there should be a warning should show on every purchase that ithe sawdust  can cause damage orcould cause eye damage and even blindness.  As for  tangling in fur. I would verify it as truth. That from experience also.",linda,0,0,0,Walmart,Walmart.com,,428730545
Original,15 lbs,2026-06-14,5,,"it smells great, lasts so long, and it's better for the cats than traditional litter. Love this stuff!",Shannon,0,0,0,Walmart,Walmart.com,,428624300
Original,15 lbs,2026-06-12,5,,I love this liter. It smells clean and clumps. it's a healthy alternative to the gross clay liters.,angie,0,0,0,Walmart,Walmart.com,,428435230
Original,15 lbs,2026-06-12,5,,smells better.,cynthia,0,0,0,Walmart,Walmart.com,,428387217
Original,34 lbs,2026-06-12,5,I think I like it.,"Be sure to have some of your old style litter left when you get this. My cats wouldn't have anything to do with it until i poured some of their old litter on top of it. 
Catalyst tells you how to transition your cats too it but really? i didn't read instructions.  its cat litter. That was a mistake. I forget the cats don't like change.
anyway, so far the dust level has been reduced drastically - the old clumping litter is still mixed in with this and therefore it is still dusty, but by the time I get them transitioned to the new catalyst the dust will be non-existent. I really like that part. It's a little bit unusual scent. I expected it to smell like sawdust and that's not the case. It's taking me a minute to get used it too, just like the cats I'm sure. But the benefits are outweighing the consequences of having to go through the transition. I would prefer to have the more open sifting scooper they sell but until i tried this Im not buying it. I don't have one of those. I'm using the same old one I've always had and it's a little different. I just have to shake it differently. But I haven't smelled any cat smells since I brought it in here so that's good. My cat's are able to go outside and they prefer to go outside so I haven't had a lot of activity in this box so it remains to be seen whether or not I'm sold completely on this new litter. But so far so good",IBFREE,0,0,0,Walmart,Walmart.com,,428419984
Original,15 lbs,2026-06-10,3,,First time using. Was recommended adding to litter you already use to get cat accustom to it. When opening bag it reminded me of almond hull smell. Will update after we try it for a week.,Madmom1959,0,0,0,Walmart,Walmart.com,,428205888
Original,15 lbs,2026-06-08,5,No dust,Great cat litter no dust!,Kevin,0,0,0,Walmart,Walmart.com,,427926985
Original,15 lbs,2026-06-07,2,,Don't really care for it.,glenda,0,0,0,Walmart,Walmart.com,,427870004
Original,34 lbs,2026-06-07,5,What A Suprise !,I had tried pine pellets before and didn't like the barn-type odor.  I was fed up with clay litter and dust. I decided to try this and it is amazing. No urine or feces smell. Just a light pine pleasant smell. Had a neighbor stop in and they thought we got rid of our cats - no odor!   Wonderful product. Lasts longer than clay. I also bought steel cat litter pans which I believe helps also. All problems solved !!,Wendy,0,0,0,Walmart,Walmart.com,,427921569
Unscented,34 lbs,2026-06-07,5,,Works wonderful,Lisa,0,0,0,Walmart,Walmart.com,,427850163
Original,15 lbs,2026-06-05,5,best litter ever,what I like most about this litter is it tracks less and the clumps don't fall apart when scooping them out.,Mildred,0,0,0,Walmart,Walmart.com,,427685001
Original,15 lbs,2026-06-05,5,A Real Value,"this litter may look pricey, but it's worth it. no dust, minimal tracking,. it has a pleasant woody scent and  there's no strong odor when scooping.",William,0,0,0,Walmart,Walmart.com,,427667271
Original,15 lbs,2026-06-04,1,,cats won't use it even when old litter was placed with it it's been down since the 23 of May and nothing even took their other box away the held it until I placed regular one back,anonymous,0,0,0,Walmart,Walmart.com,,427548691
Original,34 lbs,2026-06-04,5,Worth the switch -,"I have long used standard clay litter for my cat.  The stickiness, odor and general messiness were becoming a real problem to deal with.  Since changing to Catalyst, the smell is almost negligible and definitely easier to scoop %26 keep clean.  The weight of the product is also a plus when disposing of the kitty waste.  I only have one cat and the one bag I purchased has saved me a considerable amount of money.  Definitely worth the change.",Dawn,0,0,0,Walmart,Walmart.com,,427571535
Original,15 lbs,2026-06-03,2,STNKS,"I was enthused to get this product because it sounds great. The stench of it as soon as I open, the bag was enough to gag me. I finally mixed it with baking soda, which helped. My cats will urinate in it, but they will not use it to defecate so I still have to have additional cat boxes for them.",Catkeeper,0,0,0,Walmart,Walmart.com,,427475409
Original,34 lbs,2026-06-02,5,,"i LOVE this for my cats!!!
like the wood smell and no dust!!",Susan,0,0,0,Walmart,Walmart.com,,427399078
Original,15 lbs,2026-06-01,5,Smells clean and lasts!,"It smells so good! I've always loved the smell of wood and this smells fresher than litter, used or unused!
This is my third purchase!",Antoinette,0,0,0,Walmart,Walmart.com,,427256023
Original,34 lbs,2026-05-31,3,Damage item,when upon delivery my bag I noticed was damaged so I took pictures  and other information. I to use the litter for my two cats. they're ladies room. needed to be cleaned then.,anonymous,0,0,0,Walmart,Walmart.com,,427207565
Original,34 lbs,2026-05-31,5,,"My rescue cat would not use clay litter, but she took to this quickly. And, it smells really good!",anonymous,0,0,0,Walmart,Walmart.com,,427183827
Original,34 lbs,2026-05-31,5,Better value at Walmart than manufacture,"Much better value getting from Walmart than the manufacturer. However, it's not the multi-cat version but this is the original and it works fine too",Debra,0,0,0,Walmart,Walmart.com,,427163077
Original,15 lbs,2026-05-30,5,Suppresses odorless really well,"Works well, hardly any tracking , suppresses odors really well.",,0,0,0,Walmart,Walmart.com,,427152524
Original,15 lbs,2026-05-30,5,catalyst cat litter,I just inherited a cat and this is the best so far.  Really knocks the smell down and easy to scoop,anonymous,0,0,0,Walmart,Walmart.com,,427149803
Original,15 lbs,2026-05-30,5,Awesome Litter!!!,I really like this litter. Smells so nice. Clumping is really easy to scoop. It's one of my favorites.,Alisha,0,0,0,Walmart,Walmart.com,,427082633
Original,34 lbs,2026-05-29,5,,Still gets tracked but at least no dust and scoops out great,Carole,0,0,0,Walmart,Walmart.com,,427012933
Original,15 lbs,2026-05-29,5,NO DUST - REALLY,"So far, I like it. Mild cedar smell. Very light weight. Clumps well. Great idea.",anonymous,0,0,0,Walmart,Walmart.com,,427059123
Original,34 lbs,2026-05-28,5,Great product,"Very impressed..  light weight, low pine smell.  Cats seem to be doing very well with the cat litter change.  Also I have noticed the litter box order is at a minimal compared to others..  no tracking!!  Will purchase again!",Melody,0,0,0,Walmart,Walmart.com,,426945369
Original,15 lbs,2026-05-27,5,,"Way better than traditional liter.  Easier to clean, no tracking all over the house. Keeps urine odor contained and literally box is not smelly",Lana,0,0,0,Walmart,Walmart.com,,426869742
Original,15 lbs,2026-05-27,1,,Absolutely heinous. Amplifies cat stench. Steer very clear of this product.,Thomas,0,0,0,Walmart,Walmart.com,,426780280
Original,34 lbs,2026-05-26,1,,"Horrible Cat Litter! Not only did it stick to my cat, the dust tracked all through my house, even on my furniture.  Not Asthma friendly either.

Do not recommend this Litter.  I would have given it zero stars if I could.",Sheila,0,0,0,Walmart,Walmart.com,,426696240
Original,15 lbs,2026-05-26,5,Try to find it elsewhere!!,Great litter but apparently hard to get. My order has been in the “delayed” status for over 7 days. I bought it ahead of time so we would not have any issue. I will be searching all pet stores to see if they carry it because this is flat out RIDICULOUS!!!!!!!!,Jansey,0,0,0,Walmart,Walmart.com,,426675768
Original,15 lbs,2026-05-25,5,,"Best cat litter and much more affordable thru Walmart. Combine this with a STEEL litter box, hardly any smell",Ariana,0,0,0,Walmart,Walmart.com,,426589422
Original,15 lbs,2026-05-25,5,Litter sticks to the clumps,"I ABSOLUTELY LOVE this cat litter! It is very effective at covering odors from the cats, as long as they cover up their treasures. It is lightweight but highly effective. It doesn't make my lungs hurt when I clean the litter boxes like it did when I used clay litter. Catalyst cat litter adheres to what the cats leave in the litter box. There are no pieces breaking when you scoop with this cat litter. Everything stays in tact as you scoop (sometimes areas of pee might fall apart, but it's not bad and at least it's not the feces falling apart). It is super easy to clean the litter box using Catalyst. Definitely recommend to everyone!",Cha,0,0,0,Walmart,Walmart.com,,426618736
Original,15 lbs,2026-05-25,5,,I don't like the clay at all this for me is perfect for my cats,Laurie,0,0,0,Walmart,Walmart.com,,426597365
Original,15 lbs,2026-05-25,1,Terrible,"I usually get World's Best Litter and I have no problem but I wanted to try this brand. It suck. Even with a clean litter box my cat gets poop and pee all over his feet and then he obviously tracks it everywhere and I have to wash his feet off. Will not buy this litter again, I've never had this issue even with cheap litter.",anonymous,0,0,0,Walmart,Walmart.com,,426617782
Original,15 lbs,2026-05-25,5,I will no longer buy other litters again!,"My cats Sir Feisty, Lady Luna, and Sir Benny loves this litter. They gives this all paws up. I love how it leaves the fresh wood smells, it clumps beautifully without me feeling like I'm digging for fossils, and it totally lasts a long time and doesn't smell even when I have to clean the litter box. All the cats use one litter box I try to have their own but they prefer it and it still doesn't smell like I have all three cats using one litter box I don't even have to use litter deodorizer! You wouldn't even know I had cats if it weren't for their toys. The other cat litter I would clean everyday and it just smells even when I use the litter deodorizer, clumps like concrete and I have to use a lot more. I love Catalyst so do my cats. I recommend it to anyone who have cats. Catalyst is now my go to cat litter. If I can say more I I would but it's 10/10.",Lunaskylark,0,0,0,Walmart,Walmart.com,,426620554
Original,15 lbs,2026-05-24,5,,"It does not smell, clumps and the cats do not drag it all over the house.
Highly recommend",Doug,0,0,0,Walmart,Walmart.com,,426568169
Original,15 lbs,2026-05-24,5,Works well for elderly cat and automatic litterbox,"My girl's pee smell was getting to be too much for me in my small townhome. My cat's area is in the room across from my bedroom. She is 14 and there is no way she is getting banished to the outdoors, so I had to find an alternative.  I am cursed with an above average olfactory system. I can't even wear perfume or be around people who have on strong perfume. Air fresheners and scented wall plugins are not an option for me. I've woken up from the smell of her litter box and got out of bed to go dump it out in the middle of the night. That's how bad it gets. So, I decided to get rid of her stainless steel box and bought an automatic litter box to help me keep her box clean right after she does her business so it doesn't have a chance to permeate the air for too long. That has helped but after several days the urine smell was back. I would have to completely empty out the box every week and start fresh. That was getting to be too expensive. I've had many brands of clay litter and none of them were effective. ""10 days odor free"" is a lie. Maybe 1 day tops. Also, her area is on the second floor so hauling up cases of clay litter was not fun. I saw an ad on Instagram for this litter so I decided to give it a try when I saw that Walmart carried it. I've been using it about a month now and I really am quite pleased with how it neutralizes odors. My cat took to it right away. I just mixed it in with her clay to get her adjusted and she was unbothered. I'm not going to say that it's perfect and I can't smell a thing, but it is far superior to any clay I have ever used. My office/cat space smells like the lumber aisle at a home improvement store now which I don't mind at all. I change out the bag that collects her used litter every other day and I don't really smell much urine anymore. The automatic litter box seems to handle it just fine. It does get stuck in certain places but it's easy to scrape off unlike clay. The clay was getting stuck in areas that would trip the sensor and prevent the box from completing its cleaning cycle. I am no longer having that issue. Anyway, the upstairs of my townhome smells good again and I can sleep in peace.",Anon,0,0,0,Walmart,Walmart.com,,426567289
Original,15 lbs,2026-05-23,5,,Never going back to the other kind of litter again.   This one is amazing!!,Sue,0,0,0,Walmart,Walmart.com,,426433921
Original,15 lbs,2026-05-23,1,Smells bad,"Has no dust and is easy to change out the used pulpy fluff. But it smells worse than wet wood before use. My cats tracked the fluff all over the house, and they didn't like using that litter, I'm guessing because of the smell.  After 1 week of smell torture for them I changed the litter out. I totally wished I had bought a smaller bag. As it stands now  I guess I'll use the 20 lbs as snow salt without the salt.",ConstanceG,0,0,0,Walmart,Walmart.com,,426409105
Original,34 lbs,2026-05-21,5,,We love it !,anonymous,0,0,0,Walmart,Walmart.com,,426277874
Original,34 lbs,2026-05-21,3,The product is excellent ....,"The product itself is great, but the bag had several gashes in it, repaired with tape, but still leaking.  They need to use better packaging.",anonymous,0,0,0,Walmart,Walmart.com,,426242112
Original,15 lbs,2026-05-20,1,,Not clumping with cat pee.,anonymous,0,0,0,Walmart,Walmart.com,,426170376
Original,15 lbs,2026-05-20,5,,"Dust free , lasts long. cuts down on odor.",Elizabeth,0,0,0,Walmart,Walmart.com,,426154946
Original,15 lbs,2026-05-20,5,,No dust or messy floor . Smells is not over powering and clumps well,Sue,0,0,0,Walmart,Walmart.com,,426136927
Original,15 lbs,2026-05-19,5,THIS CAT LITTER IS AMAZING!!!,"I have tried just about every kind of litter possible.  I Never want to use any litter other than this ever again.  At first , my cats did not want to try it because it is so different but of course , they eventually did.  It smells so good and I no longer have to sweep cat litter off my floors every single day.  I was a little worried that it might not scoop as easy as it says but it does! YAYYYY!!",Eleanor,0,0,0,Walmart,Walmart.com,,425997707
Original,15 lbs,2026-05-19,5,absolute best!,0 kitty litter odor or  poop/pee smell. lasts longer works better. best litter ive ever used. and ive tried all the top clay litters out there. super tight clumps dont break apart. avtoss the board ot delivers. highly recommended!!! It does track/ spead easily but it explains that on the bag and how to prevent it (high wall or enclosed box%26 ittee mat at entrance),Amber,0,0,0,Walmart,Walmart.com,,426065319
Original,34 lbs,2026-05-18,5,,no smell and so lightweight,Marianne,0,0,0,Walmart,Walmart.com,,425972250
Original,15 lbs,2026-05-17,4,,there is a tracking problem with it. I like it better than the clay because there's no dust associated with wood. my cat seems ok with it. she was wondering at first but seems to be alright now,Lynda,0,0,0,Walmart,Walmart.com,,425873731
Unscented,15 lbs,2026-05-17,5,Thankful for this clumping litter,This litter is fabulous and truly does what it says on its description!😸,Lynda,0,0,0,Walmart,Walmart.com,,425821713
Original,15 lbs,2026-05-16,5,,very interesting. nice scent. no dust. very natural. lightweight. cats had no problem adapting. will pirchas again.,Cassie,0,0,0,Walmart,Walmart.com,,425795650
Original,15 lbs,2026-05-15,5,Premium cat litter!,The best cat litter ever.  No dust.  Eliminates odor.  Biodegradable.,Julie,0,0,0,Walmart,Walmart.com,,425683905
Original,34 lbs,2026-05-15,5,,"This cat litter is lightweight, easy to use, and most of all, it's so much easier to carry out the ""used"" litter; with the other brands I've tried, the clumps are so heavy, it's like carrying out a bag of rocks to the trash. I like the odor-control, too. I'll continue to buy this brand.",Robin,0,0,0,Walmart,Walmart.com,,425654461
Original,15 lbs,2026-05-14,5,,Smells nice and easy to clean,Ruth,0,0,0,Walmart,Walmart.com,,425578828
Original,15 lbs,2026-05-12,5,10/10 Great Litter,"This stuff is the best cat litter I've ever used. I dug through the settings on my Walmart app, just so I could figure out how to leave a review for it.

It doesn't stink, it's easy to scoop, which is great for someone with arthritis, and my cat will actually use it and he's a very picky about litter. I like the smell of pine litter much better than clay litter, and I have a hard time scooping clay litter anyway because my hands aren't very strong.

The only downside is the price, but they aren't kidding, it lasts a long time. It clumps well, and you can shake out the extra sawdust from the scoop, so you're not throwing away a ton of unused litter. This is going to be my go to brand from now on.",J,0,0,0,Walmart,Walmart.com,,425310262
Original,15 lbs,2026-05-11,3,,so far so good. he is a cat so that may change. like the woody scent.,Linda,0,0,0,Walmart,Walmart.com,,425203249
Original,34 lbs,2026-05-09,5,,Definitely helps with smell! Great litter I just find myself struggling to shift it through the scoop but that's probably a me problem but it takes me like 5-7 mins to clean the litter box,Naomi,0,0,0,Walmart,Walmart.com,,425090390
Original,34 lbs,2026-05-09,5,,"I recommend this product. It clumps well, no odors and clean up is easy! ☆☆☆☆☆",Janet,0,0,0,Walmart,Walmart.com,,425060228
Original,34 lbs,2026-05-09,5,Best for odor.,Great for odor control.  There is a bit of the stuff that gets around but it's not that fine dust you get from clay litter. Put a Matt under it and it will be fine.,CHdavis,0,0,0,Walmart,Walmart.com,,425039326
Original,34 lbs,2026-05-08,1,,"Smells bad, turns into a weird icky paste when a cat uses it and you try to scoop it, have to use a litter scoop with wider grates otherwise nothing goes through but then you get these little pellets of peed on pieces that are impossible to pick up without dumping the litter",Jocelyn,0,0,0,Walmart,Walmart.com,,424904322
Original,34 lbs,2026-05-07,5,Really great litter,"Low dust if any, can’t smell the urine order, so far I love it.  I’ve used pine pellets for nearly 20 years, but this is awesome.  Clumps up nicely.  I used to breed cats, but no longer do that, but I have 3 large Mainecoons and they all seem to be using it.  I did leave one litter box down with the pine pellets until they transition to the new litter.  They seem to poop in the pellet one and urinate in the New stuff LOL",Dlthomson,0,0,0,Walmart,Walmart.com,,424807050
Unscented,15 lbs,2026-05-06,2,Disappointed,Not sure what I was expecting but this litter is far from it.  It’s true that there is no dust.  But it’s not scent free unless they mean artificial scenting. Otherwise it has an unpleasant wet wood smell.  It is not tract free at all.  I will not buy again and wish I hadn’t bought a big bag.,ConstanceG,1,0,0,Walmart,Walmart.com,,424760887
Original,15 lbs,2026-05-06,1,Lack of pee scooper,"Reason putting low stars is because the ""scoop"" isn't stay in scoop ball of urine. 
However the odor is good. My cat won't go there for a week. He preferably his favorite cat litter,  Arm %26 Hammer Hardball is an excellent pee scooper!",Dari,0,0,0,Walmart,Walmart.com,,424761133
Original,15 lbs,2026-05-05,5,Save the Planet,"This product is definitely worth the money. 
Low dust great clumping and you can easily get use to it. 
I believe if you love it your cats will love it too.   Jerry Am.",jerryam,0,0,0,Walmart,Walmart.com,,424622836
Unscented,15 lbs,2026-05-05,5,,"This litter is the best cat litter I've ever used! I will never buy regular litter again. It smells so good, a clean cedar scent, no dust at all. This litter clumps incredibly well and actually makes the urine clumps lighter somehow! My previous litter brands were so heavy after I'd empty the s",Abbey,0,0,0,Walmart,Walmart.com,,424601193
Unscented,34 lbs,2026-05-02,2,Messy,Turns into goo and stuck to my cats paws,Juliana,0,0,0,Walmart,Walmart.com,,424378342
Original,34 lbs,2026-05-01,5,,I've always been a tidy cat litter person and I got tired of the dust and pieces of litter on everything. This litter is wonderful. I don't really notice dust and it doesn't track all over the house. It clumps really good as well.,jaz,0,0,0,Walmart,Walmart.com,,424195312
Original,15 lbs,2026-05-01,5,,"easy two clean and cat loves it it don't make as much of the mess on the floor.\n No dust, which is great, mostly stays in the litter box. Want less tracking.  It's very cat friendly",Linda,0,0,0,Walmart,Walmart.com,,424243899
Unscented,34 lbs,2026-04-29,4,,"my old cat still goes outside, so was not affected by use of this new litter.  it likely reminds him of loose forested ground.  I had mixed it with existing lightweight clay. It actually appears to be faster at clumping and eliminating odors!  I love the light weight of it, and although he tracks it some it isn't gritty like clay.  The  bag itself, at 28 lbs is a bit awkward to pour in the initial stages but I bought because of the much better value per pound than clay.  My old cat has some health issues and uses the litterbox many times per day. 
Can't give 5 stars yet cos I haven't gotten the box diluted down to 0-2% clay, though I expect continued excellence.",Donald,0,0,0,Walmart,Walmart.com,,424059587
Original,34 lbs,2026-04-28,5,,This is hands down the best cat litter I’ve ever tried. I will only be using this for now on.  Total game changer.,justin,0,0,0,Walmart,Walmart.com,,423974720
Original,34 lbs,2026-04-27,5,,"I have 15 indoor cats in a 700 sq ft house. 
Catalyst is Amazing for No Odors whatsoever!
After the adjustment period, most did great. 3 older cats, well I put 4:1 with a scoopable litter and they are fine. my house does Not smell of Cat! I love this so much I could Sell it! 
You should add tho, that the metal open litter scoop is essential, and to shake clumps Gently. Minor dust, even the scented I don't notice at all. 
I Love this Catalyst!",CHARLOTTE,0,0,0,Walmart,Walmart.com,,423844919
Unscented,34 lbs,2026-04-27,5,Love it!,"Best litter I’ve used. Definitely a lot less dust, not fragrant though. I add arm %26 hammer for pets to the top and kinda mix it around. Still the same clean up but I now use one that is more like a mesh strainer. That way I get all those little nuggets that get overlooked",Jansey,0,0,0,Walmart,Walmart.com,,423839843
Unscented,34 lbs,2026-04-25,5,,"Finally, a litter that does everything that it needs to do. Lightweight, no odor and lasts for a long time.",Dionne,0,0,0,Walmart,Walmart.com,,423612902
Unscented,34 lbs,2026-04-23,5,,I have three indoor cats and I cannot believe how well this controls odor and how much easier it is to clean the litter box and keep it fresh for them and for myself,Sherry,0,0,0,Walmart,Walmart.com,,423492869
Original,34 lbs,2026-04-23,4,"Long lasting odor removal, but dusty and tracky","I have a lot of cats, and I’ve used a lot of different types of litter! 
Pros: great at masking smell without needing a deodorizer, lightweight, lasts weeks at a time, my cat who’s sensitive to smells and has many allergies
Cons: it produces a flour-like dust that shows on dark fabrics and clogs up vacuum filters 
Overall, would recommend if you’re willing to clean out your vacuum filter daily. Absolutely would not recommend if you have a lot of rugs, dark bedsheets, or a carpeted living space.",Robyn,0,0,0,Walmart,Walmart.com,,423472782
Unscented,34 lbs,2026-04-22,5,,So happy walmart has this!,Gj,0,0,0,Walmart,Walmart.com,,423408739
Original,15 lbs,2026-04-22,5,,"this is one of the best items I've ever bought. thank you Walmart for selling this You need more of this on the shelf. 
 it lives up to what it says My house smells clean and doesn't smell like clay cat box and cat poop.. I'm going to contact the company and see if I could strike a deal to do a infomercial for this company 
 fantastic product",Maxine,0,0,0,Walmart,Walmart.com,,423427396
Original,15 lbs,2026-04-20,5,,"As a cat rescuer,  this stuff is game changing!!  It is amazing.  I have a couple cats that have sensitivities to regular cat liter dust but this stuff doesn't bother them.  It works miracles for odor and traps any moisture and locks it in.  I will never use anything but this!!!",CB,1,0,0,Walmart,Walmart.com,,423207508
Original,15 lbs,2026-04-19,4,,"The only thing this product doesn't do is control ammonia odor. If it controlled odor, it would be top tier. I love how easy it is to scoop without heavy clumps like clay litter but the odor control needs a whole lot of improving.",YolandaPhi,1,0,0,Walmart,Walmart.com,,423159183
Original,34 lbs,2026-04-18,5,,"Good product I just started using it
So far so good",Cynthia,0,0,0,Walmart,Walmart.com,,423049617
Original,15 lbs,2026-04-18,5,,"I bought this because I was running out of the naturally fresh Walnut multi cat litter but I found this stuff to be Way better at half the price, I have used nearly every type of cat litter but I can no longer afford the naturally fresh Walnut cat litter, %26 to My surprise I found something Way better at more than 70% cheaper",michael,3,0,0,,Walmart.com,,423065477
Original,15 lbs,2026-04-17,5,,Wonderful so far!! It’s softer than other brands and clumps well!,,0,0,0,Walmart,Walmart.com,,423014019
Original,34 lbs,2026-04-17,5,,"I specifically bought this for my parrot to try out for the bottom of his space, i LOVE THE FRESH FRAGRANT SMELL ITS PERMEATED THROUGHOUT THE HOUSE AND ITS GREAT ON ABSORBENCY!!!  NOW I WILL USE  THIS FOR THE CAT ALSO!!!!!",CHARLOTTE,0,0,0,Walmart,Walmart.com,,422915372
Original,34 lbs,2026-04-16,2,,"Stuck to my cats feet , tracked all over the house and furniture . Bad odor , plastic like  texture. Overall a mess! 
Would not recommend .",Debbie,0,0,0,Walmart,Walmart.com,,422899086
Original,34 lbs,2026-04-16,4,Advantages outweigh disadvantages,"Likes: One-third the weight of clay; exceptional urine odor control; biodegradable; can be composted; 34-lb. bag lasted two months with five cats; pleasant natural scent.

Dislikes: No advantage over clay with respect to dust; lightweight composition allows cats to track it around more than clay.",Heakin,0,0,0,Walmart,Walmart.com,,422854339
Original,15 lbs,2026-04-15,1,,"cats wouldn’t use it. One time out of two weeks. They used it. They used their other box which has Arm %26 Hammer hardball, an excellent one, but too expensive for me. This seemed like an amazing deal, but cats just won’t use it.",Lisa,2,0,0,Walmart,Walmart.com,,422766239
Original,15 lbs,2026-04-15,5,,"low dust, clumps good, pleasant odor",Barbie,0,0,0,Walmart,Walmart.com,,422740097
Original,34 lbs,2026-04-14,1,,My cat tracks the wood pieces all over.  It is worse than the clay litter.  I wax really hoping it would better better and now I have 35 pounds of it left.  Good size and price but I have to vacuum every day.,Sandra,2,0,0,Walmart,Walmart.com,,422643977
Unscented,15 lbs,2026-04-13,5,,"Still integrating into the current litter. My cat has not had a problem so far. Once Catalyst is the only litter, i will review again. My reason for trying Catalyst, is to remove the dust from traditional litters. Scilica dust makes cats cough, could cause asthma in cats.",Laura,1,0,0,Walmart,Walmart.com,,422596121
Original,15 lbs,2026-04-13,5,,It's a little expensive but a fantastic product,Renae,0,0,0,Walmart,Walmart.com,,422597676
Unscented,34 lbs,2026-04-12,5,Very happy with my purchase,"I have 4 cats . When I was using clay litter I felt like I was going through 40 pounds within 2 weeks . I can already tell a difference in the usage between the two . Clay never clumped like it said it was supposed to and I felt like I wasted litter as well whereas Catalyst actually clumps and it’s not much litter wasted either . Their boxes still smell fresh and I no longer gag when it comes to scooping and changing the boxes . Transitioning from clay to pine for my cats was not hard at all . They seemed a little confused by it at first because it was new and it wasn’t what they were use to , but they did use it and I feel like they might like it more as well . It does track , but I would prefer this so much more than clay stuck to my socks .",Holly,2,0,0,Walmart,Walmart.com,,422485109
Original,15 lbs,2026-04-12,5,zero urine smell,way better than i expected - so far it's the best i've ever tried; and i have four cats - two boxes,Connies,1,0,0,Walmart,Walmart.com,,422496006
Original,34 lbs,2026-04-11,5,litter,the best cat litter,pmvn,1,0,0,Walmart,Walmart.com,,422309388
Original,34 lbs,2026-04-11,5,Catalyst is a Cata-YES!,"I have been using regular clay scoopable cat litter since I've had cats. I've used every brand of it from scoop away to Walmart brand to Target brand. they're all good. they all do the same thing. Catalyst is different. it is a recycled or should I say upcycled soft wood? it's a natural clumping design and there are different formulas. the green bag has sent. the blue bag does not. I personally like the blue bag better. when I started using this I didn't think my cats were going to like it because it looks looks weird but they adapted to it really well. and as long as you follow the directions that are on the bag for acclimating to it, it works like a charm. all three of my cats have no problem with it. the best part is that you don't smell my cat litter anymore and the waist is much lighter because it's not a heavy clay and because it's made from wood compostable also. it will automatically degrade and it doesn't cause more landfill. it also lasts forever. apparently I bought one 35 lb bag about 2 months ago and I have three cats and I'm just finishing that first one and starting a new bag now. I was also transitioning so I did have previous cat litter in those boxes. now that I'm using it solely, I'll probably go through about a bag every 6 weeks, but that's way better than what I was doing before. it's much cheaper in the long run. I'm a happy cat mom with three content kitties. it also doesn't track very much as long as you use a mat around your litter box and it is dust free which is really nice. it's much better for my asthma. it also clumps into nice big clumps for urine purposes. I would suggest using a wire scoop instead of a plastic one. it makes it so it just pours through and you don't have to shake it.",Rebecca,1,0,0,Walmart,Walmart.com,,422385391
Original,15 lbs,2026-04-10,1,,I still haven't received this item.,Antonia,0,0,0,Walmart,Walmart.com,,422285541
Original,34 lbs,2026-04-10,5,Love this litter!,"Waaaaay better than any clumping litter we’ve used before. We were buying litter every week for our 3 cats and it smelled, was heavy, and got tracked all over the house from their litter boxes. But this litter is lighter, has a slight pine scent, clumps well, no dust and doesn’t end up all over my house, and most importantly is it lasts way longer. So glad my husband found it, we’re never switching back.",Jeanine,1,0,0,Walmart,Walmart.com,,422249944
Original,34 lbs,2026-04-09,5,,finally found a litter that doesn't stink.it clumps really good.the only place on ours is the wall at the opening.my cats pee rt there.how n why.idk but cleaning was a breeze.still had some little pieces  but didnt mind that.no smell.i got the big bag.didnt fill a 5gal bucket.worth every penny!!,dorothia,1,0,0,Walmart,Walmart.com,,422142145
Original,15 lbs,2026-04-09,1,,Delivered to wrong address,Andrew,0,0,0,Walmart,Walmart.com,,422113168
Unscented,34 lbs,2026-04-09,5,"low dollar low dust, Catalyst is a must!","light weight, low dust and odor absorbing",Glenn,1,0,0,Walmart,Walmart.com,,422140487
Original,34 lbs,2026-04-08,1,Highly DO NOT recommend,"Very disappointing. They hype and advertise this like crazy. I finally decided to try it. Big mistake. Dusty, messy, tracks everywhere outside the box. Black cat looks like she’s covered in powder. What a mess! Don’t waste your time or money. 2 bags $60 for this non-clumping mess.",Shel,4,0,0,Walmart,Walmart.com,,422082865
Original,34 lbs,2026-04-08,5,Catalyst Cat litter,My first time trying this litter. So far I like it. The smell is nice.,Trish,2,0,0,Walmart,Walmart.com,,422014619
Original,34 lbs,2026-04-07,5,Life Changing!,"I've used clay litter for (really) 50 years. it was a pain in the butt.

I took a chance on Catalyst and it is one of the best things I've ever done. The bags are so much lighter, the litter makes the room smell actually good, and the cats used it right away! Cleaning the litter boxes is a breeze and there is no tracking around the house.

A surprise was that my allergies disappeared. I breathe easily, sleep better, and feel more energetic as a result.",William,39,0,0,Walmart,Walmart.com,,421897759
Original,15 lbs,2026-04-06,5,,"My cats love this  kind, I love it just as much as they do the smell is great as is amount and price",Brandon,1,0,0,Walmart,Walmart.com,,421822231
Original,15 lbs,2026-04-04,5,,this is a wonderful product it does track a lot however so much better than regular cat litter,Caroline,2,0,0,Walmart,Walmart.com,,421694003
Original,34 lbs,2026-04-04,5,Superb litter,Great replacement for dusty clay litter.,Beate,2,0,0,Walmart,Walmart.com,,421681768
Original,34 lbs,2026-04-04,5,,best litter ever!!!!,Llucky215,1,0,0,Walmart,Walmart.com,,421680345
Original,15 lbs,2026-03-30,5,,I’m really impressed with this litter this is the first time I’ve used it. I will buy again.,Sharon,3,0,0,Walmart,Walmart.com,,421147061
Original,15 lbs,2026-03-29,4,,Does not clump my cats urine.  Leaves a smelly mess.  When you change litter all you smell for days is wood dust,Kathleen,0,0,0,,Walmart.com,,421059468
Original,15 lbs,2026-03-29,5,,"I haven't used this product for full two months, it claims to last that long. But I have got to say that I am extremely happy with it after a few weeks. I've got two indoor cats that use the litter box and they can make quite a stink. Even after clearing the mess, the odor lingers with every other litter I've tried. I hate paying high prices for something that's literally made to be thrown away, but in this case you get what you pay for. The litter itself isn't dusty, it isn't perfumed, not heavy and clumps very well. My cats  always strive to cover not only their own poop, but everything else in the room around them as they kick and swat litter. I don't know why it would make a difference, but they haven't been doing that with this litter, they're much neater. Maybe that's their own review.",Paige,18,0,0,Walmart,Walmart.com,,421029510
Original,34 lbs,2026-03-28,1,YUK!  Cloud of dust and overpowering wood smell,"Very very dusty.  Leaves a layer of dust all over the room.  I create a cloud of dust when I scoop the box.  I have to dust off my black cats paws and legs and face and whatever else comes in contact with the litter.  The “wood” smell is strong and annoying.  It probably covers up the pee and poop smells.  It clumps up pretty good.  The litter consistency is like saw dust.  I can see it getting mushy eventually.  I’m mixing in my usual clay clumping litter in with it just to use it up because i got a huge bag of it because I hate wasting, but this is probably the worse litter I’ve ever tried.  It’s way too dusty and the wood smell is just too strong.",Gina,6,0,0,Walmart,Walmart.com,,420946148
Original,15 lbs,2026-03-27,2,Messy and Stinky,I hate this litter. it's crazy messy with how much it tracks. i thought it woukd be like other wood litters and tried it because of the great reviews. it smells similar to other wood litters out of the bag but smells so bad once used. my whole house smells like wet old wood. would not recommend.  I was hoping it would work like the old OKO litter before 2020. NOPE!,shontaya,5,0,0,Walmart,Walmart.com,,420894259
Original,34 lbs,2026-03-27,5,,"Clumps well and doesn't stick to the bottom of the litter box. I personally like the mild sent of wood, but I believe it also comes in unscented. I really love the idea of using upcycled sawmill waste which is biodegradable as opposed to clay litter, which can sit in a landfill indefinitely.",Chelle,1,0,0,Walmart,Walmart.com,,420893069
Original,34 lbs,2026-03-26,1,Don’t buy,"I thought I would love this stuff

Problem is within bout 2 -3 days depending on how many cats and litter boxes as I have 3 cats and 2 litter boxes and my house smells like cat crap

Only after changing both boxes to this litter the house smells like cat poop only after maybe a few days

I can’t return cause I threw bag away",Pamela,3,0,0,Walmart,Walmart.com,,420788711
Original,34 lbs,2026-03-26,5,Great Product,"Very little carry out of litter near box…some but very minimal….  Controls odor and very easy to scoop as it clump’s nicely ..
Referred to a friend and I will definitely purchase again!!!",Sandra,2,1,0,Walmart,Walmart.com,,420810190
Original,15 lbs,2026-03-23,4,,"been using it...cats are ok with it

there is no order from it..which is great",Dalia,2,0,0,Walmart,Walmart.com,,420434516
Original,15 lbs,2026-03-19,1,Do not buy,"You think your getting a awesome deal but your not

Your house will smell so bad of cat crap it ain’t funny and I only have 2 young cats

You will notice it within bout 2-3 max

Do not buy this unless u use it outside",Pamela,5,2,0,Walmart,Walmart.com,,420089801
Unscented,34 lbs,2026-03-13,5,,The cats love it and it works great.  Ou cats don't have any skin reactions.   It's great!!!! Great price too!!!!,WalmartCustomer,1,0,0,,Walmart.com,,419382663
Original,15 lbs,2026-03-12,5,Great litter,"I love this cat litter! It has a nice pine scent(obviously because what it is made of) it doesn’t smell bad even when I forget to clean the litter box, I’d recommend this litter to anyone, my cats love it, I switched over from using pretty litter. I don’t mind the tracking because I use a litter mat which helps out a lot.",Sabrina,7,0,0,Walmart,Walmart.com,,419201132
Original,34 lbs,2026-03-10,1,,"The bag came to me ripped and taped, and when I weighed it, it was lighter than the 34 lbs by a pound. So I paid full price for something that had less than what I paid for.",WalmartCustomer,1,2,0,,Walmart.com,,418995173
Original,34 lbs,2026-03-10,5,Great New Type of Kitty Litter!,Saw this litter at Humane Society where I rescued my Baby Cat Reo!  Clumps but not like heavy cement!  Long lasting so great Value for the Price!!!  Not your Typical litter!  It’s brown in color %26 made from New Ource! Buy it %26 try it!,anonymous,2,0,0,Walmart,Walmart.com,,418969531
Original,15 lbs,2026-03-05,5,love it,not my normal bag. i usually get the multi cat formula from chewy.  with 12 cats it only lasted  1 week. but way better than clay litter.does not trigger my copd,vanessa,6,0,0,Walmart,Walmart.com,,418540125
Original,15 lbs,2026-03-05,1,Cata-horrible Cat Litter,"This is absolutely the worst cat litter I have ever used.  It is supposed to be clumping, but clumps immediately fall apart when scooping.  There is litter stuck in their paws and tracked all over the room.  The urine smell mixed with the wood smell is terrible.   Turds aren't a problem, but then unless they have diarrhea, it rarely is....

I honestly thought I got a defective  bag.  I went to their website and it states that if the litter is not clumping, it is too wet from humidity.  I live in SW Florida.  Humidity capital of the world.  The website states the litter doesn't track (it does) and that it absorbs odor (it does not).   I scoop daily, and use pan liners to keep the smell down.

On the up side (proverbial optimist) I only put the litter in one of the three litter boxes.  We have three kitties and three litter boxes.  I am so glad I didn't put it in the lanai box (12 feet from pool) or bedroom (OMG, hubby would have a fit if he walked through this mess barefoot).  Our kitties don't seem to mind it (two kittens 6 mos old and one senior grumpy cat).  

I have never purchased a product that was so completely off from the description.  I switched to avoid the dust and mess from clay litter, but I'm running back to Fresh Step and begging forgiveness.",Anne,17,2,0,Walmart,Walmart.com,,418503855
Original,15 lbs,2026-03-05,4,,not used yet so not ready for 5 stars but reviews and price pushed me to buy,WalmartCustomer,2,1,0,,Walmart.com,,418471491
Original,15 lbs,2026-03-03,5,Cats lite the  litter    and   so do I |!,I have 4 cats  and have  been looking for a good litter  that they would  and not be    (bluntly a  pain  to keep clean and not  mess up  all the house        So far I am more than happy to have  found this one !!!,Adrienne,4,0,0,Walmart,Walmart.com,,418349450
Original,15 lbs,2026-02-25,5,Give this a try,I have been using this for several years.  I am so glad Walmart has finally carring it at the store. Used properly it can last longer than most litters. I haven't switched litter in a long time.,Gj,8,1,0,Walmart,Walmart.com,,417623191
Unscented,15 lbs,2026-02-12,5,Catalyst is the Best Litter,Great odor control and I love that a 15 lbs bag can last us so long. I used to purchase this from a subscription but now it is even easier coming from Walmart.,jonah,2,0,0,Walmart,Walmart.com,,416380850
Original,15 lbs,2026-02-05,5,Finally Catalyst Pet Litter is at Walmart,"Just spotted Catalyst Pet Litter at Walmart and I’m honestly excited. I’ve been using it for a while now, and it’s hands down the best litter I’ve tried—great odor control, low dust, and more sustainable. Love that I can grab it on a regular Walmart run now!!",Cindee,24,0,0,Walmart,Walmart.com,,415624328
